rnn_type,lr,num_layers,hidden_size,dropout,optimizer,loss,acc,f1,training_time
rnn,0.001,2,150,0.2,adam,0.695942719067846,0.5091743119266054,0.0,149.4175455570221
rnn,0.001,2,150,0.2,rmsprop,0.693622316632952,0.5091743119266054,0.0,116.10488796234132
rnn,0.001,2,150,0.2,sgd,0.6941721120050975,0.5091743119266054,0.0,75.93090915679932
rnn,0.001,2,150,0.5,adam,0.6962547983442035,0.5091743119266054,0.0,148.48981165885925
rnn,0.001,2,150,0.5,rmsprop,0.6927417239972523,0.5091743119266054,0.0,113.756418466568
rnn,0.001,2,150,0.5,sgd,0.6936933717557362,0.5091743119266054,0.0,77.46838617324829
rnn,0.001,2,150,0.8,adam,0.6961162920509066,0.5091743119266054,0.0,157.12162899971008
rnn,0.001,2,150,0.8,rmsprop,0.695829227566719,0.5091743119266054,0.0,108.88131403923036
rnn,0.001,2,150,0.8,sgd,0.695190395627703,0.5091743119266054,0.0,83.05114722251892
rnn,0.001,2,200,0.2,adam,0.6938522394214358,0.5091743119266054,0.0,171.78626012802124
rnn,0.001,2,200,0.2,rmsprop,0.6951267761843545,0.5091743119266054,0.0,157.35134077072144
rnn,0.001,2,200,0.2,sgd,0.6935726957661765,0.5091743119266054,0.0,90.09385395050047
rnn,0.001,2,200,0.5,adam,0.6962507218122482,0.5091743119266054,0.0,160.7709765434265
rnn,0.001,2,200,0.5,rmsprop,0.6932367767606463,0.5091743119266054,0.0,113.1547122001648
rnn,0.001,2,200,0.5,sgd,0.6938237526587078,0.5091743119266054,0.0,77.73520350456238
rnn,0.001,2,200,0.8,adam,0.6930118160588401,0.5091743119266054,0.0,157.76912426948547
rnn,0.001,2,200,0.8,rmsprop,0.6985330964837756,0.5091743119266054,0.0,113.97775459289552
rnn,0.001,2,200,0.8,sgd,0.6938463428190776,0.5091743119266054,0.0,78.59782433509827
rnn,0.001,2,400,0.2,adam,0.7232280650309154,0.5091743119266054,0.0,199.14201664924624
rnn,0.001,2,400,0.2,rmsprop,0.7100221514701843,0.5091743119266054,0.0,271.70609951019287
rnn,0.001,2,400,0.2,sgd,0.693985851747649,0.5091743119266054,0.0,109.40699982643127
rnn,0.001,2,400,0.5,adam,0.7050059522901263,0.5091743119266054,0.0,210.56023478508
rnn,0.001,2,400,0.5,rmsprop,0.704312631062099,0.5091743119266054,0.0,242.00824522972107
rnn,0.001,2,400,0.5,sgd,0.6933504662343434,0.5091743119266054,0.0,122.21654105186462
rnn,0.001,2,400,0.8,adam,0.7171538919210434,0.5091743119266054,0.0,191.6640102863312
rnn,0.001,2,400,0.8,rmsprop,0.6981834790536335,0.5091743119266054,0.0,133.56889081001282
rnn,0.001,2,400,0.8,sgd,0.6940824793917793,0.5091743119266054,0.0,98.1745982170105
rnn,0.001,3,150,0.2,adam,0.6944337274347033,0.5091743119266054,0.0,153.08204793930054
rnn,0.001,3,150,0.2,rmsprop,0.707352780870029,0.5091743119266054,0.0,113.79234457015993
rnn,0.001,3,150,0.2,sgd,0.6938517200095313,0.5091743119266054,0.0,79.45104789733887
rnn,0.001,3,150,0.5,adam,0.6918470412492752,0.5091743119266054,0.0,150.64405059814453
rnn,0.001,3,150,0.5,rmsprop,0.6945793926715851,0.5538990825688074,0.4967658473479948,113.36122584342957
rnn,0.001,3,150,0.5,sgd,0.6943130663463047,0.5091743119266054,0.0,79.42148160934448
rnn,0.001,3,150,0.8,adam,0.696183409009661,0.5091743119266054,0.0,150.09598207473755
rnn,0.001,3,150,0.8,rmsprop,0.6942239616598401,0.5091743119266054,0.0,113.500159740448
rnn,0.001,3,150,0.8,sgd,0.6937936736004693,0.5091743119266054,0.0,79.32193994522095
rnn,0.001,3,200,0.2,adam,0.6946108915976116,0.5091743119266054,0.0,164.34395265579224
rnn,0.001,3,200,0.2,rmsprop,0.6950871795415878,0.5091743119266054,0.0,123.14519453048706
rnn,0.001,3,200,0.2,sgd,0.6941239301647458,0.5091743119266054,0.0,85.8231406211853
rnn,0.001,3,200,0.5,adam,0.7047786989382335,0.5091743119266054,0.0,157.81226801872253
rnn,0.001,3,200,0.5,rmsprop,0.7183414357049125,0.5298165137614679,0.4005847953216374,121.57483959197998
rnn,0.001,3,200,0.5,sgd,0.6936988362244197,0.5091743119266054,0.0,85.42526364326477
rnn,0.001,3,200,0.8,adam,0.6910317518881389,0.5172018348623854,0.0665188470066518,157.27532386779785
rnn,0.001,3,200,0.8,rmsprop,0.7180860808917454,0.5091743119266054,0.0,119.98063683509828
rnn,0.001,3,200,0.8,sgd,0.6939427256584167,0.5091743119266054,0.0,85.54354929924011
rnn,0.001,3,400,0.2,adam,0.720207114304815,0.5194954128440367,0.216822429906542,241.1302671432495
rnn,0.001,3,400,0.2,rmsprop,0.6975013911724091,0.5091743119266054,0.0,311.3933339118957
rnn,0.001,3,400,0.2,sgd,0.6937239574534553,0.5091743119266054,0.0,123.58632683753969
rnn,0.001,3,400,0.5,adam,0.6930868923664093,0.5091743119266054,0.0,259.09773111343384
rnn,0.001,3,400,0.5,rmsprop,0.6957881131342479,0.5091743119266054,0.0,374.8251602649689
rnn,0.001,3,400,0.5,sgd,0.6941077560186386,0.5091743119266054,0.0,124.04236602783205
rnn,0.001,3,400,0.8,adam,0.7082689851522446,0.5091743119266054,0.0,200.69388675689697
rnn,0.001,3,400,0.8,rmsprop,0.6949879250356129,0.5091743119266054,0.0,161.47420978546145
rnn,0.001,3,400,0.8,sgd,0.6936391762324742,0.5091743119266054,0.0,123.546489238739
rnn,0.001,4,150,0.2,adam,0.6945797481707164,0.5091743119266054,0.0,170.08437871932983
rnn,0.001,4,150,0.2,rmsprop,0.7088466797556195,0.5068807339449541,0.2611683848797251,124.92383933067322
rnn,0.001,4,150,0.2,sgd,0.6937203130551747,0.5091743119266054,0.0,90.6381311416626
rnn,0.001,4,150,0.5,adam,0.6929508362497602,0.5091743119266054,0.0,161.0333936214447
rnn,0.001,4,150,0.5,rmsprop,0.6942800326006753,0.5091743119266054,0.0,143.6416883468628
rnn,0.001,4,150,0.5,sgd,0.6940963736602238,0.5091743119266054,0.0,108.89189028739928
rnn,0.001,4,150,0.8,adam,0.6862675419875554,0.5091743119266054,0.0,188.43848967552185
rnn,0.001,4,150,0.8,rmsprop,0.705933113183294,0.5091743119266054,0.0,153.7512924671173
rnn,0.001,4,150,0.8,sgd,0.6934053174086979,0.5091743119266054,0.0,108.2404282093048
rnn,0.001,4,200,0.2,adam,0.694362114582743,0.5091743119266054,0.0,209.69823241233823
rnn,0.001,4,200,0.2,rmsprop,0.7029792261975152,0.5091743119266054,0.0,181.53876543045044
rnn,0.001,4,200,0.2,sgd,0.6941633139337812,0.5091743119266054,0.0,106.8807406425476
rnn,0.001,4,200,0.5,adam,0.7020569358553205,0.5091743119266054,0.0,192.5225622653961
rnn,0.001,4,200,0.5,rmsprop,0.6941841010536466,0.5091743119266054,0.0,173.12929844856262
rnn,0.001,4,200,0.5,sgd,0.6943731584719249,0.5091743119266054,0.0,125.05337429046632
rnn,0.001,4,200,0.8,adam,0.6960995367595127,0.5091743119266054,0.0,184.5340483188629
rnn,0.001,4,200,0.8,rmsprop,0.6953390006508146,0.5091743119266054,0.0,145.98855328559875
rnn,0.001,4,200,0.8,sgd,0.693469056061336,0.5091743119266054,0.0,112.04961895942688
rnn,0.001,4,400,0.2,adam,0.6947012564965657,0.5091743119266054,0.0,314.7698214054108
rnn,0.001,4,400,0.2,rmsprop,0.7160636058875492,0.5091743119266054,0.0,488.9244878292084
rnn,0.001,4,400,0.2,sgd,0.6943635046482086,0.5091743119266054,0.0,165.3657419681549
rnn,0.001,4,400,0.5,adam,0.7168575205973217,0.5091743119266054,0.0,303.4250900745392
rnn,0.001,4,400,0.5,rmsprop,0.7088389630828585,0.5091743119266054,0.0,444.7667527198792
rnn,0.001,4,400,0.5,sgd,0.6937179565429688,0.5091743119266054,0.0,170.8249888420105
rnn,0.001,4,400,0.8,adam,0.7239889193858419,0.5091743119266054,0.0,292.4374883174896
rnn,0.001,4,400,0.8,rmsprop,0.7309429900986808,0.5091743119266054,0.0,238.59519839286804
rnn,0.001,4,400,0.8,sgd,0.6929215043783188,0.5091743119266054,0.0,181.79568147659305
rnn,0.0001,2,150,0.2,adam,0.713396960071155,0.6123853211009175,0.4878787878787878,162.68689846992493
rnn,0.0001,2,150,0.2,rmsprop,0.7803493046334812,0.6227064220183486,0.5183016105417276,119.1745581626892
rnn,0.0001,2,150,0.2,sgd,0.693506753870419,0.5091743119266054,0.0,73.24698853492737
rnn,0.0001,2,150,0.5,adam,0.7180996856519154,0.6318807339449541,0.5691275167785235,137.2747573852539
rnn,0.0001,2,150,0.5,rmsprop,0.7222344460231918,0.6456422018348624,0.6351829988193625,109.30775141716003
rnn,0.0001,2,150,0.5,sgd,0.6929250402109963,0.5091743119266054,0.0,76.28661966323853
rnn,0.0001,2,150,0.8,adam,0.7015423593776566,0.658256880733945,0.5983827493261455,140.73614072799683
rnn,0.0001,2,150,0.8,rmsprop,0.8685421954308238,0.6536697247706422,0.5597667638483965,111.83591437339784
rnn,0.0001,2,150,0.8,sgd,0.6938366506780896,0.5091743119266054,0.0,73.99478578567505
rnn,0.0001,2,200,0.2,adam,0.8790485316089222,0.6651376146788991,0.5977961432506887,141.83004522323608
rnn,0.0001,2,200,0.2,rmsprop,1.113136432000569,0.6559633027522935,0.5967741935483871,108.7109272480011
rnn,0.0001,2,200,0.2,sgd,0.6932024125541959,0.5091743119266054,0.0,75.57921504974365
rnn,0.0001,2,200,0.5,adam,0.7348134964704514,0.6594036697247706,0.5834502103786816,155.51508951187134
rnn,0.0001,2,200,0.5,rmsprop,0.8504888809153012,0.6479357798165137,0.5890227576974565,116.1017017364502
rnn,0.0001,2,200,0.5,sgd,0.6932144186326435,0.5091743119266054,0.0,82.89637756347656
rnn,0.0001,2,200,0.8,adam,0.8662071323820523,0.6777522935779816,0.6134800550206327,158.26436352729797
rnn,0.0001,2,200,0.8,rmsprop,0.6807149574160576,0.7087155963302753,0.6768447837150128,117.6876871585846
rnn,0.0001,2,200,0.8,sgd,0.6934993309634072,0.5091743119266054,0.0,74.21323251724243
rnn,0.0001,2,400,0.2,adam,0.9291940661413328,0.6880733944954128,0.6658476658476659,174.0815029144287
rnn,0.0001,2,400,0.2,rmsprop,0.7748077176511288,0.6731651376146789,0.5945945945945946,142.7686264514923
rnn,0.0001,2,400,0.2,sgd,0.6933131345680782,0.5091743119266054,0.0,2965.507313013077
rnn,0.0001,2,400,0.5,adam,0.8718494943210057,0.680045871559633,0.6172839506172839,190.43860602378845
rnn,0.0001,2,400,0.5,rmsprop,0.7588869205542973,0.661697247706422,0.556390977443609,159.1967453956604
rnn,0.0001,2,400,0.5,sgd,0.6941222144024712,0.5091743119266054,0.0,106.40464425086977
rnn,0.0001,2,400,0.8,adam,0.945772712784154,0.6513761467889908,0.5891891891891892,182.6914174556732
rnn,0.0001,2,400,0.8,rmsprop,0.9932536387017796,0.6938073394495413,0.635743519781719,138.78335785865784
rnn,0.0001,2,400,0.8,sgd,0.6935981724943433,0.5091743119266054,0.0,100.46104550361632
rnn,0.0001,3,150,0.2,adam,1.293541913053819,0.6880733944954128,0.6201117318435754,155.35316801071167
rnn,0.0001,3,150,0.2,rmsprop,1.1571081003972463,0.7110091743119266,0.6949152542372882,111.3972315788269
rnn,0.0001,3,150,0.2,sgd,0.6934388684374946,0.5091743119266054,0.0,78.03752613067627
rnn,0.0001,3,150,0.5,adam,0.9521418644913604,0.7098623853211009,0.6649006622516557,156.77280020713806
rnn,0.0001,3,150,0.5,rmsprop,1.4192189946770668,0.6651376146788991,0.5875706214689266,121.06799149513245
rnn,0.0001,3,150,0.5,sgd,0.6933881363698414,0.5091743119266054,0.0,83.24145007133484
rnn,0.0001,3,150,0.8,adam,0.9328950584999152,0.6961009174311926,0.6394557823129252,172.80615973472595
rnn,0.0001,3,150,0.8,rmsprop,1.054735284830843,0.6834862385321101,0.639686684073107,114.868567943573
rnn,0.0001,3,150,0.8,sgd,0.6930867518697467,0.5091743119266054,0.0,80.38100457191467
rnn,0.0001,3,200,0.2,adam,1.283943893654006,0.7029816513761468,0.6578599735799208,162.0140254497528
rnn,0.0001,3,200,0.2,rmsprop,1.2131181093198913,0.6995412844036697,0.6552631578947369,125.56536483764648
rnn,0.0001,3,200,0.2,sgd,0.6943623125553131,0.5091743119266054,0.0,89.84041857719421
rnn,0.0001,3,200,0.5,adam,1.2643988191017084,0.716743119266055,0.6630286493860846,169.9173035621643
rnn,0.0001,3,200,0.5,rmsprop,1.2721695261342183,0.7052752293577982,0.6631716906946264,130.3021821975708
rnn,0.0001,3,200,0.5,sgd,0.6931333179984774,0.5091743119266054,0.0,95.70977997779846
rnn,0.0001,3,200,0.8,adam,0.9947418602449554,0.7282110091743119,0.7099143206854345,173.82533764839172
rnn,0.0001,3,200,0.8,rmsprop,1.1281323140220982,0.6961009174311926,0.6197991391678622,125.397780418396
rnn,0.0001,3,200,0.8,sgd,0.6931361939225879,0.5091743119266054,0.0,93.4599425792694
rnn,0.0001,3,400,0.2,adam,1.3396267582263266,0.7236238532110092,0.6849673202614379,207.787034034729
rnn,0.0001,3,400,0.2,rmsprop,1.2362737112811633,0.6995412844036697,0.6649616368286445,170.98731565475464
rnn,0.0001,3,400,0.2,sgd,0.694466131074088,0.5091743119266054,0.0,137.9993531703949
rnn,0.0001,3,400,0.5,adam,1.459764958492347,0.6834862385321101,0.628032345013477,225.1687104701996
rnn,0.0001,3,400,0.5,rmsprop,1.475077360868454,0.6915137614678899,0.6446499339498019,181.6277086734772
rnn,0.0001,3,400,0.5,sgd,0.69304102233478,0.5091743119266054,0.0,134.703871011734
rnn,0.0001,3,400,0.8,adam,1.540392683552844,0.6857798165137615,0.6215469613259669,217.90286684036252
rnn,0.0001,3,400,0.8,rmsprop,1.2747922502458096,0.7190366972477065,0.6601941747572816,181.88866114616397
rnn,0.0001,3,400,0.8,sgd,0.6931424375091281,0.5091743119266054,0.0,134.22982811927795
rnn,0.0001,4,150,0.2,adam,1.3691187277436256,0.7201834862385321,0.695,187.73493766784668
rnn,0.0001,4,150,0.2,rmsprop,1.345325544476509,0.7178899082568807,0.6728723404255319,134.4916250705719
rnn,0.0001,4,150,0.2,sgd,0.6943021033491407,0.5091743119266054,0.0,101.45630764961244
rnn,0.0001,4,150,0.5,adam,1.3304914395724023,0.7018348623853211,0.6578947368421053,175.34209656715393
rnn,0.0001,4,150,0.5,rmsprop,1.520464434155396,0.7041284403669725,0.6614173228346457,152.41096472740173
rnn,0.0001,4,150,0.5,sgd,0.6939018666744232,0.5091743119266054,0.0,106.1025686264038
rnn,0.0001,4,150,0.8,adam,1.2987408052597726,0.7087155963302753,0.6462395543175488,182.5000398159027
rnn,0.0001,4,150,0.8,rmsprop,1.0952971268977438,0.7144495412844036,0.6795366795366795,131.78174257278442
rnn,0.0001,4,150,0.8,sgd,0.6933525396244866,0.5091743119266054,0.0,96.85640621185304
rnn,0.0001,4,200,0.2,adam,1.309049064559596,0.7178899082568807,0.6666666666666666,209.14775562286377
rnn,0.0001,4,200,0.2,rmsprop,1.5066799542733602,0.7006880733944955,0.6429548563611491,147.44993352890015
rnn,0.0001,4,200,0.2,sgd,0.693799593618938,0.5091743119266054,0.0,111.69670987129211
rnn,0.0001,4,200,0.5,adam,1.1876891276666095,0.7305045871559633,0.6879150066401063,183.2220458984375
rnn,0.0001,4,200,0.5,rmsprop,1.3977244985955102,0.7190366972477065,0.6964064436183395,143.5159764289856
rnn,0.0001,4,200,0.5,sgd,0.6932864508458546,0.5091743119266054,0.0,109.70077776908876
rnn,0.0001,4,200,0.8,adam,1.527997036065374,0.6995412844036697,0.6440217391304348,178.0981101989746
rnn,0.0001,4,200,0.8,rmsprop,1.4865386166742869,0.7121559633027523,0.6639892904953146,143.6343698501587
rnn,0.0001,4,200,0.8,sgd,0.6931099976812091,0.5091743119266054,0.0,107.14581680297852
rnn,0.0001,4,400,0.2,adam,1.4156072118452616,0.731651376146789,0.6871657754010695,240.456298828125
rnn,0.0001,4,400,0.2,rmsprop,1.4733610195772988,0.7029816513761468,0.6920332936979786,192.0985565185547
rnn,0.0001,4,400,0.2,sgd,0.6935379824468068,0.5091743119266054,0.0,160.544846534729
rnn,0.0001,4,400,0.5,adam,1.3005517795681951,0.716743119266055,0.6804657179818887,285.15736722946167
rnn,0.0001,4,400,0.5,rmsprop,1.6434192955493927,0.6869266055045872,0.6440677966101694,234.3566493988037
rnn,0.0001,4,400,0.5,sgd,0.693267360329628,0.5091743119266054,0.0,181.104665517807
rnn,0.0001,4,400,0.8,adam,1.3602386808821134,0.7362385321100917,0.6973684210526315,269.52647638320923
rnn,0.0001,4,400,0.8,rmsprop,1.3373821622559003,0.7396788990825688,0.7086007702182285,8959.228395462036
rnn,0.0001,4,400,0.8,sgd,0.6936772976602826,0.5091743119266054,0.0,190.02192902565
rnn,1e-05,2,150,0.2,adam,0.846760630607605,0.6788990825688074,0.6373056994818653,147.94633388519287
rnn,1e-05,2,150,0.2,rmsprop,0.8094837319638047,0.6938073394495413,0.635743519781719,109.08422446250916
rnn,1e-05,2,150,0.2,sgd,0.6929863393306732,0.5091743119266054,0.0,77.58049201965332
rnn,1e-05,2,150,0.5,adam,0.6946624261992318,0.5091743119266054,0.0,148.52301335334778
rnn,1e-05,2,150,0.5,rmsprop,0.6834351995161602,0.7098623853211009,0.6933333333333334,110.23669576644896
rnn,1e-05,2,150,0.5,sgd,0.6933685072830745,0.5091743119266054,0.0,75.00795984268188
rnn,1e-05,2,150,0.8,adam,0.6950662497963224,0.5091743119266054,0.0,148.60543513298035
rnn,1e-05,2,150,0.8,rmsprop,0.6942899716751916,0.5091743119266054,0.0,116.022931098938
rnn,1e-05,2,150,0.8,sgd,0.6940588589225497,0.5091743119266054,0.0,86.62374329566956
rnn,1e-05,2,200,0.2,adam,1.0729006103106908,0.7385321100917431,0.7199017199017199,166.90429186820984
rnn,1e-05,2,200,0.2,rmsprop,1.2152601278253965,0.698394495412844,0.6623876765083441,124.93328142166138
rnn,1e-05,2,200,0.2,sgd,0.6931220910378865,0.5091743119266054,0.0,83.80335664749146
rnn,1e-05,2,200,0.5,adam,0.8972742006714854,0.716743119266055,0.6845466155810983,174.4569330215454
rnn,1e-05,2,200,0.5,rmsprop,1.0017491004296712,0.7190366972477065,0.6918238993710691,117.25170063972472
rnn,1e-05,2,200,0.5,sgd,0.6930771874529975,0.5091743119266054,0.0,80.6113383769989
rnn,1e-05,2,200,0.8,adam,0.6947422389473233,0.5091743119266054,0.0,154.18996596336365
rnn,1e-05,2,200,0.8,rmsprop,0.6934323821749006,0.5091743119266054,0.0,115.20103406906128
rnn,1e-05,2,200,0.8,sgd,0.6931321088756833,0.5091743119266054,0.0,78.97916507720947
rnn,1e-05,2,400,0.2,adam,1.6625248715281489,0.713302752293578,0.6657754010695187,182.9246609210968
rnn,1e-05,2,400,0.2,rmsprop,1.7041504883340426,0.7052752293577982,0.6425591098748261,162.1913139820099
rnn,1e-05,2,400,0.2,sgd,0.6932092883757183,0.5091743119266054,0.0,129.16398239135742
rnn,1e-05,2,400,0.5,adam,1.4398223289421626,0.7270642201834863,0.6909090909090909,208.72989106178284
rnn,1e-05,2,400,0.5,rmsprop,1.428316850747381,0.7270642201834863,0.6948717948717948,157.6120355129242
rnn,1e-05,2,400,0.5,sgd,0.6928563735314778,0.5091743119266054,0.0,127.20108246803284
rnn,1e-05,2,400,0.8,adam,1.4276350438594818,0.7305045871559633,0.695201037613489,208.7743923664093
rnn,1e-05,2,400,0.8,rmsprop,1.4756956292050225,0.7201834862385321,0.680628272251309,172.69512248039246
rnn,1e-05,2,400,0.8,sgd,0.6932518397058759,0.5091743119266054,0.0,114.62625980377196
rnn,1e-05,3,150,0.2,adam,1.0474701549059575,0.7327981651376146,0.7046894803548795,168.28540182113647
rnn,1e-05,3,150,0.2,rmsprop,0.9122981780341692,0.7305045871559633,0.7165259348612787,136.7386326789856
rnn,1e-05,3,150,0.2,sgd,0.6937387926237923,0.5091743119266054,0.0,90.07184910774231
rnn,1e-05,3,150,0.5,adam,0.6938787549734116,0.5091743119266054,0.0,169.97708702087402
rnn,1e-05,3,150,0.5,rmsprop,0.7152033171483448,0.6364678899082569,0.543884892086331,126.27043414115906
rnn,1e-05,3,150,0.5,sgd,0.6937696763447353,0.5091743119266054,0.0,91.80474591255188
rnn,1e-05,3,150,0.8,adam,0.6938123319830213,0.5091743119266054,0.0,169.30886459350586
rnn,1e-05,3,150,0.8,rmsprop,0.6948901351009097,0.5091743119266054,0.0,127.22054290771484
rnn,1e-05,3,150,0.8,sgd,0.6933325465236392,0.5091743119266054,0.0,91.55803322792052
rnn,1e-05,3,200,0.2,adam,1.3676085025072098,0.7144495412844036,0.6675567423230975,182.2467179298401
rnn,1e-05,3,200,0.2,rmsprop,1.3743505712066375,0.7236238532110092,0.6849673202614379,136.82650089263916
rnn,1e-05,3,200,0.2,sgd,0.6932138055562973,0.5091743119266054,0.0,91.7719886302948
rnn,1e-05,3,200,0.5,adam,1.0570127091237478,0.7293577981651376,0.705,176.9656012058258
rnn,1e-05,3,200,0.5,rmsprop,1.0597878811614854,0.7052752293577982,0.6799501867995019,130.34637784957886
rnn,1e-05,3,200,0.5,sgd,0.6929926318781716,0.5091743119266054,0.0,94.02278923988342
rnn,1e-05,3,200,0.8,adam,0.6947608675275531,0.5091743119266054,0.0,176.2796607017517
rnn,1e-05,3,200,0.8,rmsprop,0.6945144959858486,0.5091743119266054,0.0,139.02010488510132
rnn,1e-05,3,200,0.8,sgd,0.6934559536831719,0.5091743119266054,0.0,94.22257781028748
rnn,1e-05,3,400,0.2,adam,1.5799924667392458,0.7224770642201835,0.6832460732984293,218.44358611106875
rnn,1e-05,3,400,0.2,rmsprop,1.7351740832839693,0.7224770642201835,0.6738544474393531,175.20595145225525
rnn,1e-05,3,400,0.2,sgd,0.6939189029591424,0.5091743119266054,0.0,132.51640605926514
rnn,1e-05,3,400,0.5,adam,1.5775761331564613,0.7201834862385321,0.6855670103092784,204.33069729804996
rnn,1e-05,3,400,0.5,rmsprop,1.5094754589455468,0.7282110091743119,0.6918075422626788,160.40728950500488
rnn,1e-05,3,400,0.5,sgd,0.6931314787694386,0.5091743119266054,0.0,122.40949630737305
rnn,1e-05,3,400,0.8,adam,0.6917437144688198,0.5091743119266054,0.0,199.78360247612
rnn,1e-05,3,400,0.8,rmsprop,1.2815441521150726,0.7454128440366973,0.7318840579710145,160.0140573978424
rnn,1e-05,3,400,0.8,sgd,0.6927529530865806,0.5091743119266054,0.0,122.93825840950012
rnn,1e-05,4,150,0.2,adam,1.1977480543511254,0.7190366972477065,0.6894803548795945,162.87046718597412
rnn,1e-05,4,150,0.2,rmsprop,1.251587783119508,0.7087155963302753,0.6539509536784741,123.26434779167175
rnn,1e-05,4,150,0.2,sgd,0.6939455015318734,0.5091743119266054,0.0,89.88766264915466
rnn,1e-05,4,150,0.5,adam,0.6917281108243125,0.5091743119266054,0.0,163.2389235496521
rnn,1e-05,4,150,0.5,rmsprop,0.6957465261220932,0.5091743119266054,0.0,123.29329586029051
rnn,1e-05,4,150,0.5,sgd,0.6933409529072898,0.5091743119266054,0.0,89.83580875396729
rnn,1e-05,4,150,0.8,adam,0.6940504546676364,0.5091743119266054,0.0,163.4352240562439
rnn,1e-05,4,150,0.8,rmsprop,0.6942686651434217,0.5091743119266054,0.0,123.31675410270692
rnn,1e-05,4,150,0.8,sgd,0.6932190103190286,0.5091743119266054,0.0,89.94488549232483
rnn,1e-05,4,200,0.2,adam,1.4141928276845388,0.716743119266055,0.6779661016949152,171.5310423374176
rnn,1e-05,4,200,0.2,rmsprop,1.4808086901903152,0.7236238532110092,0.6849673202614379,132.1688528060913
rnn,1e-05,4,200,0.2,sgd,0.6934295211519513,0.5091743119266054,0.0,97.88275122642516
rnn,1e-05,4,200,0.5,adam,0.9929836403046336,0.6903669724770642,0.6186440677966102,171.7964746952057
rnn,1e-05,4,200,0.5,rmsprop,1.1460513227752276,0.6995412844036697,0.6666666666666666,132.21605277061462
rnn,1e-05,4,200,0.5,sgd,0.69321323292596,0.5091743119266054,0.0,97.99038696289062
rnn,1e-05,4,200,0.8,adam,0.6939888702971595,0.5091743119266054,0.0,172.10088920593262
rnn,1e-05,4,200,0.8,rmsprop,0.694440273301942,0.5091743119266054,0.0,132.12297439575195
rnn,1e-05,4,200,0.8,sgd,0.6934394602264676,0.5091743119266054,0.0,97.94130730628969
rnn,1e-05,4,400,0.2,adam,1.7259085093225752,0.6926605504587156,0.6358695652173914,228.7903001308441
rnn,1e-05,4,400,0.2,rmsprop,1.4844026608126504,0.7259174311926605,0.6978508217446271,186.23600959777832
rnn,1e-05,4,400,0.2,sgd,0.6931176270757403,0.5091743119266054,0.0,148.14188981056213
rnn,1e-05,4,400,0.5,adam,1.501040673681668,0.7293577981651376,0.6935064935064935,230.5705337524414
rnn,1e-05,4,400,0.5,rmsprop,1.6503141820430756,0.7098623853211009,0.6576454668470907,186.43023657798767
rnn,1e-05,4,400,0.5,sgd,0.6932696146624429,0.5091743119266054,0.0,149.49290871620178
rnn,1e-05,4,400,0.8,adam,0.6943452081509999,0.5091743119266054,0.0,230.09089612960813
rnn,1e-05,4,400,0.8,rmsprop,0.6944201503481183,0.5091743119266054,0.0,185.8245840072632
rnn,1e-05,4,400,0.8,sgd,0.6935938426426479,0.5091743119266054,0.0,149.29852604866028
gru,0.001,2,150,0.2,adam,1.5360645577311516,0.7213302752293578,0.6720647773279352,178.22709393501282
gru,0.001,2,150,0.2,rmsprop,1.9564004902328764,0.7637614678899083,0.7412060301507538,139.54977655410767
gru,0.001,2,150,0.2,sgd,0.6945414074829647,0.5091743119266054,0.0,105.39434742927553
gru,0.001,2,150,0.5,adam,2.763229902301516,0.7465596330275229,0.7274969173859432,178.44609022140503
gru,0.001,2,150,0.5,rmsprop,2.7081745777811324,0.7614678899082569,0.7386934673366834,139.64677667617798
gru,0.001,2,150,0.5,sgd,0.6937198021582195,0.5091743119266054,0.0,105.34639525413512
gru,0.001,2,150,0.8,adam,2.015950682351624,0.7614678899082569,0.7511961722488039,178.1757357120514
gru,0.001,2,150,0.8,rmsprop,2.418487033673695,0.7660550458715596,0.7518248175182481,139.6317160129547
gru,0.001,2,150,0.8,sgd,0.6944108669246946,0.5091743119266054,0.0,105.47168231010436
gru,0.001,2,200,0.2,adam,2.645854204893112,0.7568807339449541,0.7260981912144703,189.59110927581787
gru,0.001,2,200,0.2,rmsprop,3.350508327995028,0.7477064220183486,0.7263681592039801,152.5214967727661
gru,0.001,2,200,0.2,sgd,0.6932933075087411,0.5091743119266054,0.0,116.90278553962708
gru,0.001,2,200,0.5,adam,3.081821929131235,0.7591743119266054,0.7341772151898734,189.89750146865845
gru,0.001,2,200,0.5,rmsprop,2.7501705523048128,0.7511467889908257,0.7277289836888331,152.2835714817047
gru,0.001,2,200,0.5,sgd,0.6937668302229473,0.5091743119266054,0.0,116.4837727546692
gru,0.001,2,200,0.8,adam,2.493771257145064,0.768348623853211,0.7688787185354691,189.7061452865601
gru,0.001,2,200,0.8,rmsprop,2.756957728850141,0.7637614678899083,0.7674943566591422,152.14119148254397
gru,0.001,2,200,0.8,sgd,0.6940010275159564,0.5091743119266054,0.0,117.94968223571776
gru,0.001,2,400,0.2,adam,3.1242247692176277,0.75,0.7301980198019802,310.1820993423462
gru,0.001,2,400,0.2,rmsprop,3.895018381731851,0.7580275229357798,0.7404674046740467,283.1189136505127
gru,0.001,2,400,0.2,sgd,0.6938547683613641,0.5091743119266054,0.0,212.15281438827515
gru,0.001,2,400,0.5,adam,2.5645395389625003,0.7534403669724771,0.7548460661345496,315.51442646980286
gru,0.001,2,400,0.5,rmsprop,2.369576620204108,0.7591743119266054,0.7488038277511961,265.88524866104126
gru,0.001,2,400,0.5,sgd,0.6940642829452243,0.5091743119266054,0.0,230.3755202293396
gru,0.001,2,400,0.8,adam,2.649723923632077,0.7545871559633027,0.7213541666666666,311.0314874649048
gru,0.001,2,400,0.8,rmsprop,4.455716452428272,0.7591743119266054,0.731457800511509,264.53440284729004
gru,0.001,2,400,0.8,sgd,0.6933387709515435,0.5091743119266054,0.0,209.95624589920044
gru,0.001,3,150,0.2,adam,2.018558972781258,0.7706422018348624,0.7607655502392344,205.7225730419159
gru,0.001,3,150,0.2,rmsprop,4.007025544132505,0.7603211009174312,0.7484957882069796,171.32319617271423
gru,0.001,3,150,0.2,sgd,0.6938528312104089,0.5091743119266054,0.0,135.20013785362244
gru,0.001,3,150,0.5,adam,2.9834890216588974,0.7488532110091743,0.7245283018867924,198.0651068687439
gru,0.001,3,150,0.5,rmsprop,4.464214353689125,0.7454128440366973,0.7139175257731959,170.69659399986267
gru,0.001,3,150,0.5,sgd,0.6945179338966098,0.5091743119266054,0.0,135.3503453731537
gru,0.001,3,150,0.8,adam,2.2456221835953847,0.7362385321100917,0.6875,198.5752818584442
gru,0.001,3,150,0.8,rmsprop,2.760099540863718,0.7626146788990825,0.7428571428571429,170.65570664405823
gru,0.001,3,150,0.8,sgd,0.6939951266561236,0.5091743119266054,0.0,135.12227392196655
gru,0.001,3,200,0.2,adam,2.298192945974214,0.7454128440366973,0.7131782945736435,217.2838127613068
gru,0.001,3,200,0.2,rmsprop,2.771577283740044,0.7706422018348624,0.765807962529274,187.11813616752625
gru,0.001,3,200,0.2,sgd,0.6939776071480342,0.5091743119266054,0.0,152.43927550315857
gru,0.001,3,200,0.5,adam,2.3397882325308665,0.7798165137614679,0.7703349282296651,217.43729424476624
gru,0.001,3,200,0.5,rmsprop,3.1577183701364056,0.768348623853211,0.7600950118764845,186.8174545764923
gru,0.001,3,200,0.5,sgd,0.6939853791679654,0.5091743119266054,0.0,152.33845138549805
gru,0.001,3,200,0.8,adam,2.339779452553817,0.7557339449541285,0.7230169050715215,216.92914175987244
gru,0.001,3,200,0.8,rmsprop,3.7039846692766463,0.7717889908256881,0.7576126674786845,186.6071331501007
gru,0.001,3,200,0.8,sgd,0.6937867275306157,0.5091743119266054,0.0,152.09238982200625
gru,0.001,3,400,0.2,adam,2.150857713605677,0.7511467889908257,0.71334214002642,377.9222977161408
gru,0.001,3,400,0.2,rmsprop,2.506019181438855,0.7614678899082569,0.7709251101321586,362.9226379394531
gru,0.001,3,400,0.2,sgd,0.6939243802002498,0.5091743119266054,0.0,330.5351254940033
gru,0.001,3,400,0.5,adam,2.9119128711505,0.7660550458715596,0.7588652482269503,378.164208650589
gru,0.001,3,400,0.5,rmsprop,3.8210835584572393,0.7626146788990825,0.7409261576971214,373.0341107845306
gru,0.001,3,400,0.5,sgd,0.6937508221183505,0.5091743119266054,0.0,319.08365201950073
gru,0.001,3,400,0.8,adam,3.2749138666050777,0.7626146788990825,0.7308192457737321,385.446494102478
gru,0.001,3,400,0.8,rmsprop,3.726147020135873,0.7775229357798165,0.7706855791962175,355.01684737205505
gru,0.001,3,400,0.8,sgd,0.6934976918356759,0.5091743119266054,0.0,307.186359167099
gru,0.001,4,150,0.2,adam,2.351025579231126,0.7649082568807339,0.7368421052631579,240.8561124801636
gru,0.001,4,150,0.2,rmsprop,3.013369015284947,0.7431192660550459,0.6997319034852547,199.95726251602173
gru,0.001,4,150,0.2,sgd,0.6935576328209468,0.5091743119266054,0.0,165.6557867527008
gru,0.001,4,150,0.5,adam,2.781173099821899,0.7603211009174312,0.7397260273972602,240.91099047660828
gru,0.001,4,150,0.5,rmsprop,2.7077334555132047,0.7763761467889908,0.7636363636363637,199.6786630153656
gru,0.001,4,150,0.5,sgd,0.6937010011502674,0.5091743119266054,0.0,165.8084990978241
gru,0.001,4,150,0.8,adam,1.9976546238280464,0.7568807339449541,0.7282051282051282,240.40245056152344
gru,0.001,4,150,0.8,rmsprop,3.303641774824688,0.7649082568807339,0.7484662576687117,199.95311498641968
gru,0.001,4,150,0.8,sgd,0.6939233945948737,0.5091743119266054,0.0,165.9083707332611
gru,0.001,4,200,0.2,adam,1.5876715396131789,0.7603211009174312,0.7364438839848676,262.3020462989807
gru,0.001,4,200,0.2,rmsprop,2.2210085169811333,0.783256880733945,0.7883538633818589,224.512353181839
gru,0.001,4,200,0.2,sgd,0.693753759775843,0.5091743119266054,0.0,185.5722827911377
gru,0.001,4,200,0.5,adam,1.8410623553998968,0.7729357798165137,0.7676056338028169,254.1505320072174
gru,0.001,4,200,0.5,rmsprop,2.4863431645291194,0.7740825688073395,0.7600487210718636,224.50582432746887
gru,0.001,4,200,0.5,sgd,0.6940047187464577,0.5091743119266054,0.0,186.0588216781616
gru,0.001,4,200,0.8,adam,2.6410229854975893,0.7729357798165137,0.7642857142857142,254.16921615600583
gru,0.001,4,200,0.8,rmsprop,3.60515527852944,0.7706422018348624,0.7652582159624414,224.83591532707212
gru,0.001,4,200,0.8,sgd,0.6940474403756005,0.5091743119266054,0.0,185.46071195602417
gru,0.001,4,400,0.2,adam,2.034376028392996,0.7545871559633027,0.7545871559633027,503.9731545448303
gru,0.001,4,400,0.2,rmsprop,3.668409445456096,0.7717889908256881,0.7527950310559006,471.8704636096954
gru,0.001,4,400,0.2,sgd,0.6942322679928371,0.5091743119266054,0.0,418.2653923034668
gru,0.001,4,400,0.5,adam,1.989311693460747,0.7637614678899083,0.75,502.2670180797577
gru,0.001,4,400,0.5,rmsprop,3.019220925867557,0.7786697247706422,0.7726737338044759,454.7800607681274
gru,0.001,4,400,0.5,sgd,0.6938978071723666,0.5091743119266054,0.0,413.2277717590332
gru,0.001,4,400,0.8,adam,2.535267042793959,0.7740825688073395,0.7612121212121212,499.1997840404511
gru,0.001,4,400,0.8,rmsprop,3.02206600616952,0.7694954128440367,0.7527675276752768,455.7407457828522
gru,0.001,4,400,0.8,sgd,0.6935216720615115,0.5091743119266054,0.0,471.4327790737152
gru,0.0001,2,150,0.2,adam,2.3001019060611725,0.7580275229357798,0.7318932655654383,168.96085023880005
gru,0.0001,2,150,0.2,rmsprop,2.954844415895163,0.7626146788990825,0.7460122699386503,139.71126341819763
gru,0.0001,2,150,0.2,sgd,0.6935041780982699,0.5091743119266054,0.0,106.10637664794922
gru,0.0001,2,150,0.5,adam,2.3146135968558417,0.7694954128440367,0.7670915411355735,176.87479090690613
gru,0.0001,2,150,0.5,rmsprop,3.404472715601904,0.7660550458715596,0.7524271844660194,139.90014791488647
gru,0.0001,2,150,0.5,sgd,0.6936622325863157,0.5091743119266054,0.0,105.8551380634308
gru,0.0001,2,150,0.8,adam,2.601013713815649,0.768348623853211,0.7651162790697674,177.30815410614014
gru,0.0001,2,150,0.8,rmsprop,3.0355574584289764,0.768348623853211,0.7475,139.91742205619812
gru,0.0001,2,150,0.8,sgd,0.6933113528149468,0.5091743119266054,0.0,105.92040681838988
gru,0.0001,2,200,0.2,adam,2.3860094217317447,0.7568807339449541,0.7329974811083123,188.81658601760864
gru,0.0001,2,200,0.2,rmsprop,3.576625349134312,0.7672018348623854,0.7515299877600979,153.1629090309143
gru,0.0001,2,200,0.2,sgd,0.694012314081192,0.5091743119266054,0.0,117.0255799293518
gru,0.0001,2,200,0.5,adam,2.622418060772751,0.7672018348623854,0.750920245398773,188.526771068573
gru,0.0001,2,200,0.5,rmsprop,3.287433513128365,0.7637614678899083,0.7463054187192119,153.31537652015686
gru,0.0001,2,200,0.5,sgd,0.6941556185483932,0.5091743119266054,0.0,116.61472177505492
gru,0.0001,2,200,0.8,adam,2.379870212240868,0.7626146788990825,0.7472527472527473,188.35284090042117
gru,0.0001,2,200,0.8,rmsprop,4.209913824285779,0.7672018348623854,0.7414012738853503,153.3415169715881
gru,0.0001,2,200,0.8,sgd,0.6929452291556767,0.5091743119266054,0.0,116.97214770317078
gru,0.0001,2,400,0.2,adam,2.9640001903094992,0.7614678899082569,0.7419354838709677,302.99604988098145
gru,0.0001,2,400,0.2,rmsprop,3.2514620955501283,0.7649082568807339,0.7466007416563659,273.16291904449463
gru,0.0001,2,400,0.2,sgd,0.6932591944932938,0.5091743119266054,0.0,232.3525977134705
gru,0.0001,2,400,0.5,adam,2.878011424626623,0.7626146788990825,0.7376425855513308,304.20714235305786
gru,0.0001,2,400,0.5,rmsprop,3.4404856567034585,0.7740825688073395,0.7651966626936829,253.41509985923767
gru,0.0001,2,400,0.5,sgd,0.6932906380721501,0.5091743119266054,0.0,208.7887454032898
gru,0.0001,2,400,0.8,adam,2.787332765209157,0.7729357798165137,0.7665094339622641,311.1279890537262
gru,0.0001,2,400,0.8,rmsprop,4.302986995982146,0.7717889908256881,0.7622461170848268,270.7237298488617
gru,0.0001,2,400,0.8,sgd,0.693357914686203,0.5091743119266054,0.0,221.99000191688535
gru,0.0001,3,150,0.2,adam,2.139189855427373,0.7637614678899083,0.745049504950495,208.19936847686768
gru,0.0001,3,150,0.2,rmsprop,2.3667747367703424,0.7649082568807339,0.7550776583034647,170.89448308944702
gru,0.0001,3,150,0.2,sgd,0.6931629862104144,0.5091743119266054,0.0,135.62822151184082
gru,0.0001,3,150,0.5,adam,2.247391006776265,0.7580275229357798,0.7263294422827496,208.6252422332764
gru,0.0001,3,150,0.5,rmsprop,3.3272674126284465,0.7729357798165137,0.7648456057007126,171.17027688026428
gru,0.0001,3,150,0.5,sgd,0.6930462143250874,0.5091743119266054,0.0,137.15680050849917
gru,0.0001,3,150,0.8,adam,2.675135865805584,0.7637614678899083,0.75,209.67752504348755
gru,0.0001,3,150,0.8,rmsprop,4.544275834092072,0.7568807339449541,0.7253886010362695,171.87913012504578
gru,0.0001,3,150,0.8,sgd,0.6931564446006503,0.5091743119266054,0.0,135.83820581436157
gru,0.0001,3,200,0.2,adam,2.638206050864288,0.7534403669724771,0.7167325428194994,229.8791687488556
gru,0.0001,3,200,0.2,rmsprop,3.190444143222902,0.7763761467889908,0.7559449311639549,187.3832459449768
gru,0.0001,3,200,0.2,sgd,0.6930118075438908,0.5091743119266054,0.0,152.78909158706665
gru,0.0001,3,200,0.5,adam,2.4026280300957814,0.7454128440366973,0.7131782945736435,229.50652146339417
gru,0.0001,3,200,0.5,rmsprop,2.985213091596961,0.7694954128440367,0.7503105590062111,187.6953911781311
gru,0.0001,3,200,0.5,sgd,0.6928854840142387,0.5091743119266054,0.0,152.73562264442444
gru,0.0001,3,200,0.8,adam,2.45936919847983,0.7488532110091743,0.7259073842302879,230.15508794784543
gru,0.0001,3,200,0.8,rmsprop,4.260297864675522,0.7672018348623854,0.7478260869565218,187.9478781223297
gru,0.0001,3,200,0.8,sgd,0.6931438978229251,0.5091743119266054,0.0,152.49306178092957
gru,0.0001,3,400,0.2,adam,2.698461081766124,0.7568807339449541,0.7336683417085427,405.8893492221832
gru,0.0001,3,400,0.2,rmsprop,4.1976065581298565,0.7672018348623854,0.749691738594328,353.0026876926422
gru,0.0001,3,400,0.2,sgd,0.6931658557483128,0.5091743119266054,0.0,293.81166648864746
gru,0.0001,3,400,0.5,adam,2.944218984136959,0.7626146788990825,0.7478684531059683,403.696216583252
gru,0.0001,3,400,0.5,rmsprop,4.039954293519064,0.7729357798165137,0.7591240875912408,357.6486392021179
gru,0.0001,3,400,0.5,sgd,0.6932041304452079,0.5091743119266054,0.0,311.2368652820587
gru,0.0001,3,400,0.8,adam,3.17134863244628,0.768348623853211,0.7518427518427518,405.6729063987732
gru,0.0001,3,400,0.8,rmsprop,3.9588226175720087,0.7694954128440367,0.7533742331288343,358.1053817272186
gru,0.0001,3,400,0.8,sgd,0.6931482702493668,0.5091743119266054,0.0,304.9851231575012
gru,0.0001,4,150,0.2,adam,2.3069947345971644,0.7740825688073395,0.7635054021608644,241.9714188575745
gru,0.0001,4,150,0.2,rmsprop,4.2252156010695865,0.7637614678899083,0.745049504950495,201.09664106369016
gru,0.0001,4,150,0.2,sgd,0.6930939171995435,0.5091743119266054,0.0,168.06222438812256
gru,0.0001,4,150,0.5,adam,0.9220573002738612,0.6731651376146789,0.5887445887445888,243.6457326412201
gru,0.0001,4,150,0.5,rmsprop,0.9659198309694018,0.6903669724770642,0.6301369863013698,201.99825739860535
gru,0.0001,4,150,0.5,sgd,0.6936719119548798,0.5091743119266054,0.0,166.2712366580963
gru,0.0001,4,150,0.8,adam,0.9517741277813911,0.6995412844036697,0.6623711340206185,239.35099840164185
gru,0.0001,4,150,0.8,rmsprop,1.1668016210730587,0.7018348623853211,0.6524064171122995,200.3450472354889
gru,0.0001,4,150,0.8,sgd,0.6931104617459434,0.5091743119266054,0.0,166.43811416625977
gru,0.0001,4,200,0.2,adam,1.4871949034609966,0.7087155963302753,0.6530054644808743,260.533766746521
gru,0.0001,4,200,0.2,rmsprop,1.1767167592687267,0.7213302752293578,0.7040194884287454,225.6366903781891
gru,0.0001,4,200,0.2,sgd,0.6930909476109913,0.5091743119266054,0.0,186.97825241088867
gru,0.0001,4,200,0.5,adam,1.6734542225354485,0.7224770642201835,0.6638888888888889,260.4977045059204
gru,0.0001,4,200,0.5,rmsprop,1.5463510215548533,0.7305045871559633,0.7036569987389659,225.80724930763245
gru,0.0001,4,200,0.5,sgd,0.6932404296738761,0.5091743119266054,0.0,186.22855257987976
gru,0.0001,4,200,0.8,adam,1.624105008052928,0.713302752293578,0.6556473829201102,260.56985807418823
gru,0.0001,4,200,0.8,rmsprop,1.5992858867560114,0.7155963302752294,0.6565096952908587,225.82471370697021
gru,0.0001,4,200,0.8,sgd,0.6934995119060788,0.5091743119266054,0.0,186.23303961753845
gru,0.0001,4,400,0.2,adam,1.7672390973395002,0.7121559633027523,0.6675496688741722,502.1199746131897
gru,0.0001,4,400,0.2,rmsprop,1.6580526420314396,0.7373853211009175,0.70828025477707,458.9525113105774
gru,0.0001,4,400,0.2,sgd,0.6934102539505277,0.5091743119266054,0.0,393.9329209327698
gru,0.0001,4,400,0.5,adam,1.9164349394185203,0.7419724770642202,0.7043363994743759,506.6040232181549
gru,0.0001,4,400,0.5,rmsprop,2.05934435049338,0.7477064220183486,0.725,474.54793787002563
gru,0.0001,4,400,0.5,sgd,0.6936823278665543,0.5091743119266054,0.0,376.8970584869385
gru,0.0001,4,400,0.8,adam,1.728083132519844,0.75,0.7328431372549019,502.35207414627075
gru,0.0001,4,400,0.8,rmsprop,2.27759593299457,0.7350917431192661,0.6996098829648895,452.2799277305603
gru,0.0001,4,400,0.8,sgd,0.6932813291038785,0.5091743119266054,0.0,401.4821367263794
gru,1e-05,2,150,0.2,adam,0.8736492336860725,0.5160550458715596,0.027649769585253458,175.37334418296814
gru,1e-05,2,150,0.2,rmsprop,0.6737764296787125,0.5091743119266054,0.0,139.70653986930847
gru,1e-05,2,150,0.2,sgd,0.6929379935775485,0.5091743119266054,0.0,105.41948223114014
gru,1e-05,2,150,0.5,adam,0.6908587153468814,0.5091743119266054,0.0,168.60044598579407
gru,1e-05,2,150,0.5,rmsprop,0.6937210794006076,0.5091743119266054,0.0,139.87737274169922
gru,1e-05,2,150,0.5,sgd,0.6932254199470792,0.5091743119266054,0.0,105.54043889045715
gru,1e-05,2,150,0.8,adam,0.6942601416792188,0.5091743119266054,0.0,168.15821933746338
gru,1e-05,2,150,0.8,rmsprop,0.6936724654265812,0.5091743119266054,0.0,139.84527158737183
gru,1e-05,2,150,0.8,sgd,0.6932256604943957,0.5091743119266054,0.0,105.44261503219604
gru,1e-05,2,200,0.2,adam,0.888659234557833,0.7614678899082569,0.7438423645320197,179.7800109386444
gru,1e-05,2,200,0.2,rmsprop,0.938376706625734,0.7431192660550459,0.7192982456140351,153.10304999351501
gru,1e-05,2,200,0.2,sgd,0.6939849321331296,0.5091743119266054,0.0,116.52523231506348
gru,1e-05,2,200,0.5,adam,0.8514890181166785,0.7362385321100917,0.7058823529411765,180.11109018325806
gru,1e-05,2,200,0.5,rmsprop,0.8241489393902677,0.6811926605504587,0.5935672514619883,152.8050127029419
gru,1e-05,2,200,0.5,sgd,0.6937955021858215,0.5091743119266054,0.0,117.17225098609924
gru,1e-05,2,200,0.8,adam,0.6925831309386662,0.5091743119266054,0.0,179.90594267845154
gru,1e-05,2,200,0.8,rmsprop,0.6931857296398708,0.5091743119266054,0.0,153.222154378891
gru,1e-05,2,200,0.8,sgd,0.6929426831858498,0.5091743119266054,0.0,116.946120262146
gru,1e-05,2,400,0.2,adam,1.3881821438137973,0.7545871559633027,0.7415458937198067,302.0981287956238
gru,1e-05,2,400,0.2,rmsprop,1.743194236287049,0.7534403669724771,0.7254150702426565,273.31893658638
gru,1e-05,2,400,0.2,sgd,0.6933175921440125,0.5091743119266054,0.0,219.9571990966797
gru,1e-05,2,400,0.5,adam,1.597892841058118,0.7431192660550459,0.7013333333333334,296.73422861099243
gru,1e-05,2,400,0.5,rmsprop,1.6704475741966494,0.7522935779816514,0.7223650385604113,271.6373100280762
gru,1e-05,2,400,0.5,sgd,0.6933294002498899,0.5091743119266054,0.0,207.7576620578766
gru,1e-05,2,400,0.8,adam,1.6402813182046105,0.7362385321100917,0.6941489361702128,304.35570430755615
gru,1e-05,2,400,0.8,rmsprop,1.698121349061174,0.7557339449541285,0.7279693486590039,272.9278402328491
gru,1e-05,2,400,0.8,sgd,0.6934140026569366,0.5091743119266054,0.0,208.4627764225006
gru,1e-05,3,150,0.2,adam,1.1488494825150286,0.7339449541284404,0.7033248081841432,198.06193447113037
gru,1e-05,3,150,0.2,rmsprop,0.9117004360471453,0.7557339449541285,0.7360594795539034,171.40612936019897
gru,1e-05,3,150,0.2,sgd,0.6931108768497195,0.5091743119266054,0.0,135.26631498336792
gru,1e-05,3,150,0.5,adam,0.7637505249253341,0.7603211009174312,0.7403726708074534,198.1067669391632
gru,1e-05,3,150,0.5,rmsprop,0.9227819618369851,0.7029816513761468,0.6495263870094723,171.46351552009583
gru,1e-05,3,150,0.5,sgd,0.6943886535508292,0.5091743119266054,0.0,135.1809561252594
gru,1e-05,3,150,0.8,adam,0.6927765756845474,0.5091743119266054,0.0,198.4452452659607
gru,1e-05,3,150,0.8,rmsprop,0.6948390049593789,0.5091743119266054,0.0,171.56585884094238
gru,1e-05,3,150,0.8,sgd,0.6931664539234978,0.5091743119266054,0.0,135.72010731697083
gru,1e-05,3,200,0.2,adam,1.3603639772960119,0.7534403669724771,0.7295597484276729,217.8974347114563
gru,1e-05,3,200,0.2,rmsprop,1.6932220139673777,0.7098623853211009,0.654843110504775,188.1500701904297
gru,1e-05,3,200,0.2,sgd,0.6931555782045636,0.5091743119266054,0.0,152.77261996269226
gru,1e-05,3,200,0.5,adam,1.415261532196642,0.7362385321100917,0.6997389033942559,217.77147340774536
gru,1e-05,3,200,0.5,rmsprop,1.2657616159745626,0.7465596330275229,0.7206068268015171,187.94063544273376
gru,1e-05,3,200,0.5,sgd,0.6944329419306347,0.5091743119266054,0.0,152.5216565132141
gru,1e-05,3,200,0.8,adam,0.7545369528234005,0.7431192660550459,0.7052631578947368,217.72400188446045
gru,1e-05,3,200,0.8,rmsprop,0.6513709106615612,0.5103211009174312,0.009280742459396751,187.8525640964508
gru,1e-05,3,200,0.8,sgd,0.693131508571761,0.5091743119266054,0.0,152.4043538570404
gru,1e-05,3,400,0.2,adam,1.8593022767454386,0.7488532110091743,0.7181467181467182,391.0693483352661
gru,1e-05,3,400,0.2,rmsprop,1.7550111575983465,0.7614678899082569,0.748792270531401,373.35527539253235
gru,1e-05,3,400,0.2,sgd,0.6932245045900345,0.5091743119266054,0.0,318.22913241386414
gru,1e-05,3,400,0.5,adam,1.813925948526178,0.7339449541284404,0.6923076923076923,452.35839915275574
gru,1e-05,3,400,0.5,rmsprop,1.900150863237546,0.7408256880733946,0.710997442455243,348.66115617752075
gru,1e-05,3,400,0.5,sgd,0.6931075922080449,0.5091743119266054,0.0,307.7211208343506
gru,1e-05,3,400,0.8,adam,1.5780336622680937,0.7511467889908257,0.7235668789808917,404.4959125518799
gru,1e-05,3,400,0.8,rmsprop,1.9427172298144018,0.7396788990825688,0.7009222661396575,359.3028812408447
gru,1e-05,3,400,0.8,sgd,0.6932767459324428,0.5091743119266054,0.0,291.7912690639496
gru,1e-05,4,150,0.2,adam,1.3270328475960664,0.7557339449541285,0.7340823970037453,240.15218043327332
gru,1e-05,4,150,0.2,rmsprop,1.3844702020287514,0.7350917431192661,0.6972477064220184,199.68981099128723
gru,1e-05,4,150,0.2,sgd,0.6930091593946729,0.5091743119266054,0.0,165.58640384674072
gru,1e-05,4,150,0.5,adam,1.1534540179584707,0.7465596330275229,0.7247820672478207,240.23010635375977
gru,1e-05,4,150,0.5,rmsprop,1.0548370842422758,0.7431192660550459,0.7135549872122762,200.14945316314697
gru,1e-05,4,150,0.5,sgd,0.6935766892773765,0.5091743119266054,0.0,165.25464010238647
gru,1e-05,4,150,0.8,adam,0.6823480533702033,0.5091743119266054,0.0,239.67120838165283
gru,1e-05,4,150,0.8,rmsprop,0.6927421944481986,0.5091743119266054,0.0,199.9991898536682
gru,1e-05,4,150,0.8,sgd,0.6932125219276973,0.5091743119266054,0.0,166.2069787979126
gru,1e-05,4,200,0.2,adam,1.432398819115146,0.7408256880733946,0.7182044887780549,262.72144174575806
gru,1e-05,4,200,0.2,rmsprop,1.4006858148745127,0.7660550458715596,0.76,224.57390332221985
gru,1e-05,4,200,0.2,sgd,0.6932397037744522,0.5091743119266054,0.0,186.12419724464417
gru,1e-05,4,200,0.5,adam,1.3454767327223505,0.7637614678899083,0.7437810945273632,262.2914035320282
gru,1e-05,4,200,0.5,rmsprop,1.6085157894662447,0.7362385321100917,0.6891891891891891,224.2531967163086
gru,1e-05,4,200,0.5,sgd,0.6935048614229474,0.5091743119266054,0.0,185.14817929267883
gru,1e-05,4,200,0.8,adam,0.8969571366906166,0.7740825688073395,0.7711962833914053,262.6259365081787
gru,1e-05,4,200,0.8,rmsprop,0.7463880133415971,0.7190366972477065,0.6592489568845619,224.1076169013977
gru,1e-05,4,200,0.8,sgd,0.6931758501699993,0.5091743119266054,0.0,186.20063281059265
gru,1e-05,4,400,0.2,adam,1.9816432946494646,0.7236238532110092,0.6756393001345895,497.61830282211304
gru,1e-05,4,400,0.2,rmsprop,2.1882996750729427,0.7431192660550459,0.7083333333333334,453.8072102069855
gru,1e-05,4,400,0.2,sgd,0.6932952212435859,0.5091743119266054,0.0,395.32319140434265
gru,1e-05,4,400,0.5,adam,1.8453566218959168,0.7431192660550459,0.7164556962025317,508.28886556625366
gru,1e-05,4,400,0.5,rmsprop,1.74658178428321,0.7603211009174312,0.7460510328068044,521.80952501297
gru,1e-05,4,400,0.5,sgd,0.6936258290495191,0.5091743119266054,0.0,373.5476875305176
gru,1e-05,4,400,0.8,adam,1.7686578226940972,0.7282110091743119,0.6869220607661823,504.7100102901459
gru,1e-05,4,400,0.8,rmsprop,1.852243287222726,0.7362385321100917,0.7020725388601037,445.3154127597809
gru,1e-05,4,400,0.8,sgd,0.6932604355471474,0.5091743119266054,0.0,392.2875597476959
lstm,0.001,2,150,0.2,adam,1.4741703043026584,0.7236238532110092,0.6712141882673943,180.73888397216797
lstm,0.001,2,150,0.2,rmsprop,1.5081519288796699,0.7717889908256881,0.757020757020757,146.31480240821838
lstm,0.001,2,150,0.2,sgd,0.693985885807446,0.5091743119266054,0.0,111.35412001609802
lstm,0.001,2,150,0.5,adam,1.392501552921853,0.7522935779816514,0.73,181.00067734718323
lstm,0.001,2,150,0.5,rmsprop,1.7293543797651572,0.7557339449541285,0.7327478042659975,146.21866130828857
lstm,0.001,2,150,0.5,sgd,0.6939208975860051,0.5091743119266054,0.0,111.25304841995239
lstm,0.001,2,150,0.8,adam,2.079553763781275,0.7626146788990825,0.761795166858458,180.7564971446991
lstm,0.001,2,150,0.8,rmsprop,1.7350629227502006,0.7580275229357798,0.7298335467349552,146.18548321723938
lstm,0.001,2,150,0.8,sgd,0.6937676242419651,0.5091743119266054,0.0,111.43442964553833
lstm,0.001,2,200,0.2,adam,1.566066532262734,0.7591743119266054,0.7523584905660378,196.66387152671814
lstm,0.001,2,200,0.2,rmsprop,2.2292616981680373,0.7580275229357798,0.737888198757764,162.61289167404175
lstm,0.001,2,200,0.2,sgd,0.693838832633836,0.5091743119266054,0.0,125.9284291267395
lstm,0.001,2,200,0.5,adam,1.7129150782711804,0.7339449541284404,0.6947368421052632,196.97968101501465
lstm,0.001,2,200,0.5,rmsprop,1.887221599831329,0.7557339449541285,0.7360594795539034,162.17995429039001
lstm,0.001,2,200,0.5,sgd,0.6941053888627461,0.5091743119266054,0.0,125.0572681427002
lstm,0.001,2,200,0.8,adam,1.6671714840756198,0.7672018348623854,0.7503075030750308,198.3298270702362
lstm,0.001,2,200,0.8,rmsprop,2.0790801726626733,0.7477064220183486,0.7157622739018088,161.69266319274902
lstm,0.001,2,200,0.8,sgd,0.6935445325715202,0.5091743119266054,0.0,126.12201690673828
lstm,0.001,2,400,0.2,adam,2.1641683791375335,0.7580275229357798,0.7398273736128237,395.37751507759094
lstm,0.001,2,400,0.2,rmsprop,2.466325283050537,0.7522935779816514,0.7216494845360825,335.85844564437866
lstm,0.001,2,400,0.2,sgd,0.694172088588987,0.5091743119266054,0.0,277.09989047050476
lstm,0.001,2,400,0.5,adam,2.0302996656724384,0.7557339449541285,0.7473309608540926,394.29443430900574
lstm,0.001,2,400,0.5,rmsprop,2.4690191809620177,0.768348623853211,0.7566265060240964,353.2433795928955
lstm,0.001,2,400,0.5,sgd,0.6936257439000266,0.5091743119266054,0.0,278.3248567581177
lstm,0.001,2,400,0.8,adam,1.9314503350326828,0.7717889908256881,0.7587878787878788,393.82299876213074
lstm,0.001,2,400,0.8,rmsprop,1.9296037373798234,0.7270642201834863,0.6619318181818182,341.76052808761597
lstm,0.001,2,400,0.8,sgd,0.6939427746193749,0.5091743119266054,0.0,279.42949962615967
lstm,0.001,3,150,0.2,adam,1.914244772600276,0.7534403669724771,0.7275031685678074,214.78755044937134
lstm,0.001,3,150,0.2,rmsprop,1.8138230272701807,0.7614678899082569,0.7298701298701299,177.76666402816772
lstm,0.001,3,150,0.2,sgd,0.6937383945499148,0.5091743119266054,0.0,142.41897082328796
lstm,0.001,3,150,0.5,adam,1.544055097981722,0.7660550458715596,0.7707865168539326,214.4139325618744
lstm,0.001,3,150,0.5,rmsprop,1.838518953179508,0.7775229357798165,0.7679425837320574,177.81111407279968
lstm,0.001,3,150,0.5,sgd,0.6938386687210628,0.5091743119266054,0.0,142.50681114196777
lstm,0.001,3,150,0.8,adam,1.6700471348553296,0.7591743119266054,0.7361809045226131,214.01225686073303
lstm,0.001,3,150,0.8,rmsprop,2.4258305533595768,0.7442660550458715,0.7030625832223701,177.84537148475647
lstm,0.001,3,150,0.8,sgd,0.6941554503781455,0.5091743119266054,0.0,142.3943111896515
lstm,0.001,3,200,0.2,adam,1.5988173655101232,0.7522935779816514,0.7326732673267327,240.61127161979675
lstm,0.001,3,200,0.2,rmsprop,2.493499319791486,0.7694954128440367,0.7615658362989324,200.18221378326416
lstm,0.001,3,200,0.2,sgd,0.6938575676509312,0.5091743119266054,0.0,164.91119480133057
lstm,0.001,3,200,0.5,adam,1.7593565476459585,0.7637614678899083,0.7599067599067599,239.7375671863556
lstm,0.001,3,200,0.5,rmsprop,2.4392586265278817,0.7694954128440367,0.7769145394006659,200.24989485740662
lstm,0.001,3,200,0.5,sgd,0.6936710114989962,0.5091743119266054,0.0,165.92855405807495
lstm,0.001,3,200,0.8,adam,1.7714756384645756,0.7603211009174312,0.7364438839848676,240.40971732139587
lstm,0.001,3,200,0.8,rmsprop,3.047266749399,0.7729357798165137,0.7648456057007126,199.7581615447998
lstm,0.001,3,200,0.8,sgd,0.6935790543045316,0.5091743119266054,0.0,165.5287959575653
lstm,0.001,3,400,0.2,adam,1.8948850743472576,0.7649082568807339,0.7341115434500648,526.450933933258
lstm,0.001,3,400,0.2,rmsprop,2.100801054920469,0.7694954128440367,0.752157829839704,509.42772674560547
lstm,0.001,3,400,0.2,sgd,0.693885230592319,0.5091743119266054,0.0,389.9797625541687
lstm,0.001,3,400,0.5,adam,2.3288450236468634,0.7580275229357798,0.7345911949685534,492.6264612674713
lstm,0.001,3,400,0.5,rmsprop,2.266150520316192,0.7580275229357798,0.7642458100558659,471.7496302127838
lstm,0.001,3,400,0.5,sgd,0.6936433187552861,0.5091743119266054,0.0,415.27920722961426
lstm,0.001,3,400,0.8,adam,2.1763224559170857,0.7465596330275229,0.709592641261498,542.7988038063049
lstm,0.001,3,400,0.8,rmsprop,2.904059196672798,0.7717889908256881,0.7628128724672228,504.97561049461365
lstm,0.001,3,400,0.8,sgd,0.6940933870417731,0.5091743119266054,0.0,415.07454013824463
lstm,0.001,4,150,0.2,adam,1.8420710527820379,0.7626146788990825,0.7639680729760547,250.74664902687073
lstm,0.001,4,150,0.2,rmsprop,2.1651470068443035,0.7706422018348624,0.7630331753554502,209.1303951740265
lstm,0.001,4,150,0.2,sgd,0.693768247961998,0.5091743119266054,0.0,174.67006826400757
lstm,0.001,4,150,0.5,adam,1.989732299532209,0.7603211009174312,0.7454323995127893,250.11833548545837
lstm,0.001,4,150,0.5,rmsprop,1.8954570176345962,0.7350917431192661,0.6907630522088354,209.1950330734253
lstm,0.001,4,150,0.5,sgd,0.6939744523593357,0.5091743119266054,0.0,174.29105710983276
lstm,0.001,4,150,0.8,adam,1.7917572901081127,0.7637614678899083,0.7547619047619047,248.95316219329834
lstm,0.001,4,150,0.8,rmsprop,2.3183444420407926,0.7798165137614679,0.7757009345794392,208.51192045211792
lstm,0.001,4,150,0.8,sgd,0.6936938869101661,0.5091743119266054,0.0,174.03516721725464
lstm,0.001,4,200,0.2,adam,1.6541582512685895,0.7672018348623854,0.75453446191052,282.26153659820557
lstm,0.001,4,200,0.2,rmsprop,1.999000174658639,0.783256880733945,0.7779083431257344,243.02705574035645
lstm,0.001,4,200,0.2,sgd,0.6940437299864632,0.5091743119266054,0.0,202.4470829963684
lstm,0.001,4,200,0.5,adam,1.6782937206527484,0.7614678899082569,0.7603686635944701,280.1040096282959
lstm,0.001,4,200,0.5,rmsprop,3.1401222188162916,0.7442660550458715,0.7270501835985312,242.09510445594788
lstm,0.001,4,200,0.5,sgd,0.6940748606409345,0.5091743119266054,0.0,202.89620542526245
lstm,0.001,4,200,0.8,adam,1.7902500544275557,0.7637614678899083,0.745049504950495,278.9964315891266
lstm,0.001,4,200,0.8,rmsprop,2.201557658730183,0.7545871559633027,0.727735368956743,243.94990491867065
lstm,0.001,4,200,0.8,sgd,0.6943146628992898,0.5091743119266054,0.0,204.1168303489685
lstm,0.001,4,400,0.2,adam,1.5473198592662811,0.7660550458715596,0.7582938388625592,682.0189893245697
lstm,0.001,4,400,0.2,rmsprop,2.2412276874695505,0.7408256880733946,0.7064935064935065,629.6949243545532
lstm,0.001,4,400,0.2,sgd,0.693831375667027,0.5091743119266054,0.0,581.0925712585449
lstm,0.001,4,400,0.5,adam,1.8558005030666078,0.7534403669724771,0.7211413748378729,679.9494490623474
lstm,0.001,4,400,0.5,rmsprop,3.2883225913558687,0.7488532110091743,0.7181467181467182,634.9366309642792
lstm,0.001,4,400,0.5,sgd,0.6936630415064948,0.5091743119266054,0.0,517.2670204639435
lstm,0.001,4,400,0.8,adam,1.7335486068124217,0.7488532110091743,0.7491408934707904,677.0655586719513
lstm,0.001,4,400,0.8,rmsprop,2.618844223873956,0.7637614678899083,0.7547619047619047,662.0535845756531
lstm,0.001,4,400,0.8,sgd,0.6940755588667733,0.5091743119266054,0.0,590.4393050670624
lstm,0.0001,2,150,0.2,adam,2.136313255344118,0.7649082568807339,0.7478474784747847,174.65838861465454
